{
  "parent": "item/handheld",
  "textures": {
    "layer0": "divinerod:items/divine_stick"
  },
  "display": {
    "thirdperson_righthand": {
      "rotation": [ 30, 90, 0 ],
      "translation": [ 0, 2, 2 ],
      "scale": [ 0.5, 0.5, 1 ]
    },
    "thirdperson_lefthand": {
      "rotation": [ -30, 90, 0 ],
      "translation": [ 0, 2, 2 ],
      "scale": [ 0.5, 0.5, 1 ]
    },
    "firstperson_righthand": {
      "rotation": [ 0, 90, 0 ],
      "scale": [ 0.5, 0.5, 1 ]
    },
    "firstperson_lefthand": {
      "rotation": [ -90, 90, 0 ],
      "scale": [ 0.5, 0.5, 1 ]
    }
  }
}